Workbook

Sheet Display Points
A1: Teams | B1: Points
A2: Kurt (Austria, Czech, Italy, New Zealand, South Korea) | B2: =Events!U95 -> 42
A3: Neigum (Czech, Estonia, Finland, Italy, Latvia, United States) | B3: =Events!Y95 -> 41
A4: Ian (Japan, Italy, Netherlands, Argentina) | B4: =Events!AI95 -> 36
A5: Mansell 2 (Netherlands, France, Italy, AIN) | B5: =Events!N95 -> 29
A6: Colby (Swiss, Jamaica, Italy, Netherlands) | B6: =Events!W95 -> 38
A7: Cory (Czech, Finland, Norway, Poland, Slovakia) | B7: =Events!O95 -> 37
A8: Grace (USA, Sweden, Great Britain, Czech) | B8: =Events!AH95 -> 35
A9: Josh (Belgium, Estonia, AIN, Norway, Poland, Slovenia) | B9: =Events!Q95 -> 37
A10: Bill (Lithuania, Norway, South Korea, Ukraine) | B10: =Events!S95 -> 32
A11: Rhett (Norway, Belgium, Estonia, South Korea) | B11: =Events!R95 -> 33
A12: Evan 2 (Norway, South Korea, Hungary) | B12: =Events!AF95 -> 32
A13: Richard (Australia, Austria, Belgium, France, Finland, Romania) | B13: =Events!X95 -> 23
A14: Evan 1 (Sweden, Swiss, Latvia, Poland) | B14: =Events!AE95 -> 34
A15: Huebner (Austria, China, Czech, South Korea, Spain) | B15: =Events!AB95 -> 25
A16: Pam 2 (Canada, Czech, Ukraine, US) | B16: =Events!AD95 -> 25
A17: Tiffany (Canada, Sweden, Finland, Slovakia, Poland) | B17: =Events!AG95 -> 21
A18: Jonah (Germany, Sweden) | B18: =Events!AA95 -> 28
A19: Pam 1 (Germany, Sweden) | B19: =Events!AC95 -> 28
A20: Amanda (Canada, Czech, Netherlands, Slovenia, Ukraine) | B20: =Events!P95 -> 19
A21: Ryley (Canada, USA, Slovakia, Poland, Latvia) | B21: =Events!V95 -> 24
A22: Fader (Canada, Finland, Netherlands, Latvia, Estonia, Slovakia) | B22: =Events!T95 -> 12
A23: Mansell 1 (Germany, Netherlands) | B23: =Events!M95 -> 19
A24: Wagner (Estonia, Poland, Germany, China) | B24: =Events!Z95 -> 19

Sheet Events
A1: countries | B1: countries | C1: match | D1: 2022 Gold | E1: 2022 Silver | F1: 2022 Bronze | G1: Cost | H1: Number of Events | I1: 2026 Gold | J1: 2026 Silver | K1: 2026 Bronze | L1: Total Points | M1: Kevin Mansell 1 | N1: Kevin Mansell 2 | O1: Cory Brace | P1: Amanda | Q1: Josh | R1: Rhett | S1: Bill | T1: Fader | U1: Kurt Heidel | V1: Ryley | W1: Colby | X1: Richard | Y1: Neigem | Z1: Wagner | AA1: Jonah | AB1: Huebner | AC1: Pam1 | AD1: Pam2 | AE1: Evan1 | AF1: Evan2 | AG1: Tiffany | AH1: Grace | AI1: Ian
A2: Albania (2) | B2: Albania | C2: =MATCH(Events!B2,'Medal Count'!C:C,0) -> 3 | G2: =IF(SUM((D2*3)+(E2*2)+(F2*1))>0,SUM((D2*3)+(E2*2)+(F2*1)),3) -> 3 | H2: 2 | I2: {=INDEX('Medal Count'!D:D,Events!$C2)} -> 0 | J2: {=INDEX('Medal Count'!E:E,Events!$C2)} -> 0 | K2: {=INDEX('Medal Count'!F:F,Events!$C2)} -> 0 | L2: =(I2*3*2)+(J2*2*2)+(K2*1*2) -> 0
A3: Andorra (6) | B3: Andorra | C3: =MATCH(Events!B3,'Medal Count'!C:C,0) -> 4 | G3: =IF(SUM((D3*3)+(E3*2)+(F3*1))>0,SUM((D3*3)+(E3*2)+(F3*1)),3) -> 3 | H3: 6 | I3: {=INDEX('Medal Count'!D:D,Events!$C3)} -> 0 | J3: {=INDEX('Medal Count'!E:E,Events!$C3)} -> 0 | K3: {=INDEX('Medal Count'!F:F,Events!$C3)} -> 0 | L3: =(I3*3*2)+(J3*2*2)+(K3*1*2) -> 0
A4: Argentina (6) | B4: Argentina | C4: =MATCH(Events!B4,'Medal Count'!C:C,0) -> 5 | G4: =IF(SUM((D4*3)+(E4*2)+(F4*1))>0,SUM((D4*3)+(E4*2)+(F4*1)),3) -> 3 | H4: 6 | I4: {=INDEX('Medal Count'!D:D,Events!$C4)} -> 0 | J4: {=INDEX('Medal Count'!E:E,Events!$C4)} -> 0 | K4: {=INDEX('Medal Count'!F:F,Events!$C4)} -> 0 | L4: =(I4*3*2)+(J4*2*2)+(K4*1*2) -> 0 | AI4: 1
A5: Armenia (6) | B5: Armenia | C5: =MATCH(Events!B5,'Medal Count'!C:C,0) -> 6 | G5: =IF(SUM((D5*3)+(E5*2)+(F5*1))>0,SUM((D5*3)+(E5*2)+(F5*1)),3) -> 3 | H5: 6 | I5: {=INDEX('Medal Count'!D:D,Events!$C5)} -> 0 | J5: {=INDEX('Medal Count'!E:E,Events!$C5)} -> 0 | K5: {=INDEX('Medal Count'!F:F,Events!$C5)} -> 0 | L5: =(I5*3*2)+(J5*2*2)+(K5*1*2) -> 0
A6: Australia (17) | B6: Australia | C6: =MATCH(Events!B6,'Medal Count'!C:C,0) -> 7 | D6: 1 | E6: 2 | F6: 1 | G6: =IF(SUM((D6*3)+(E6*2)+(F6*1))>0,SUM((D6*3)+(E6*2)+(F6*1)),3) -> 8 | H6: 17 | I6: {=INDEX('Medal Count'!D:D,Events!$C6)} -> 0 | J6: {=INDEX('Medal Count'!E:E,Events!$C6)} -> 0 | K6: {=INDEX('Medal Count'!F:F,Events!$C6)} -> 0 | L6: =SUM((I6*3)+(J6*2)+(K6*1)) -> 0 | X6: 1
A7: Austria (32) | B7: Austria | C7: =MATCH(Events!B7,'Medal Count'!C:C,0) -> 8 | D7: 7 | E7: 7 | F7: 4 | G7: =IF(SUM((D7*3)+(E7*2)+(F7*1))>0,SUM((D7*3)+(E7*2)+(F7*1)),3) -> 39 | H7: 32 | I7: {=INDEX('Medal Count'!D:D,Events!$C7)} -> 2 | J7: {=INDEX('Medal Count'!E:E,Events!$C7)} -> 4 | K7: {=INDEX('Medal Count'!F:F,Events!$C7)} -> 0 | L7: =SUM((I7*3)+(J7*2)+(K7*1)) -> 14 | U7: 1 | X7: 1 | AB7: 1
A8: Azerbaijan (2) | B8: Azerbaijan | C8: =MATCH(Events!B8,'Medal Count'!C:C,0) -> 9 | G8: =IF(SUM((D8*3)+(E8*2)+(F8*1))>0,SUM((D8*3)+(E8*2)+(F8*1)),3) -> 3 | H8: 2 | I8: {=INDEX('Medal Count'!D:D,Events!$C8)} -> 0 | J8: {=INDEX('Medal Count'!E:E,Events!$C8)} -> 0 | K8: {=INDEX('Medal Count'!F:F,Events!$C8)} -> 0 | L8: =(I8*3*2)+(J8*2*2)+(K8*1*2) -> 0
A9: Belgium (26) | B9: Belgium | C9: =MATCH(Events!B9,'Medal Count'!C:C,0) -> 10 | D9: 1 | E9: 0 | F9: 1 | G9: =IF(SUM((D9*3)+(E9*2)+(F9*1))>0,SUM((D9*3)+(E9*2)+(F9*1)),3) -> 4 | H9: 26 | I9: {=INDEX('Medal Count'!D:D,Events!$C9)} -> 0 | J9: {=INDEX('Medal Count'!E:E,Events!$C9)} -> 0 | K9: {=INDEX('Medal Count'!F:F,Events!$C9)} -> 1 | L9: =SUM((I9*3)+(J9*2)+(K9*1)) -> 1 | Q9: 1 | R9: 1 | X9: 1
A10: Benin (1) | B10: Benin | C10: =MATCH(Events!B10,'Medal Count'!C:C,0) -> 11 | G10: =IF(SUM((D10*3)+(E10*2)+(F10*1))>0,SUM((D10*3)+(E10*2)+(F10*1)),3) -> 3 | H10: 1 | I10: {=INDEX('Medal Count'!D:D,Events!$C10)} -> 0 | J10: {=INDEX('Medal Count'!E:E,Events!$C10)} -> 0 | K10: {=INDEX('Medal Count'!F:F,Events!$C10)} -> 0 | L10: =(I10*3*2)+(J10*2*2)+(K10*1*2) -> 0
A11: Bolivia (1) | B11: Bolivia | C11: =MATCH(Events!B11,'Medal Count'!C:C,0) -> 12 | G11: =IF(SUM((D11*3)+(E11*2)+(F11*1))>0,SUM((D11*3)+(E11*2)+(F11*1)),3) -> 3 | H11: 1 | I11: {=INDEX('Medal Count'!D:D,Events!$C11)} -> 0 | J11: {=INDEX('Medal Count'!E:E,Events!$C11)} -> 0 | K11: {=INDEX('Medal Count'!F:F,Events!$C11)} -> 0 | L11: =(I11*3*2)+(J11*2*2)+(K11*1*2) -> 0
A12: Bosnia and Herzegovina (4) | B12: Bosnia and Herzegovina | C12: =MATCH(Events!B12,'Medal Count'!C:C,0) -> 13 | G12: =IF(SUM((D12*3)+(E12*2)+(F12*1))>0,SUM((D12*3)+(E12*2)+(F12*1)),3) -> 3 | H12: 4 | I12: {=INDEX('Medal Count'!D:D,Events!$C12)} -> 0 | J12: {=INDEX('Medal Count'!E:E,Events!$C12)} -> 0 | K12: {=INDEX('Medal Count'!F:F,Events!$C12)} -> 0 | L12: =(I12*3*2)+(J12*2*2)+(K12*1*2) -> 0
A13: Brazil (5) | B13: Brazil | C13: =MATCH(Events!B13,'Medal Count'!C:C,0) -> 14 | G13: =IF(SUM((D13*3)+(E13*2)+(F13*1))>0,SUM((D13*3)+(E13*2)+(F13*1)),3) -> 3 | H13: 5 | I13: {=INDEX('Medal Count'!D:D,Events!$C13)} -> 0 | J13: {=INDEX('Medal Count'!E:E,Events!$C13)} -> 0 | K13: {=INDEX('Medal Count'!F:F,Events!$C13)} -> 0 | L13: =(I13*3*2)+(J13*2*2)+(K13*1*2) -> 0
A14: Bulgaria (14) | B14: Bulgaria | C14: =MATCH(Events!B14,'Medal Count'!C:C,0) -> 15 | G14: =IF(SUM((D14*3)+(E14*2)+(F14*1))>0,SUM((D14*3)+(E14*2)+(F14*1)),3) -> 3 | H14: 14 | I14: {=INDEX('Medal Count'!D:D,Events!$C14)} -> 0 | J14: {=INDEX('Medal Count'!E:E,Events!$C14)} -> 0 | K14: {=INDEX('Medal Count'!F:F,Events!$C14)} -> 1 | L14: =(I14*3*2)+(J14*2*2)+(K14*1*2) -> 2
A15: Canada (117) | B15: Canada | C15: =MATCH(Events!B15,'Medal Count'!C:C,0) -> 16 | D15: 4 | E15: 8 | F15: 14 | G15: =IF(SUM((D15*3)+(E15*2)+(F15*1))>0,SUM((D15*3)+(E15*2)+(F15*1)),3) -> 42 | H15: 117 | I15: {=INDEX('Medal Count'!D:D,Events!$C15)} -> 0 | J15: {=INDEX('Medal Count'!E:E,Events!$C15)} -> 1 | K15: {=INDEX('Medal Count'!F:F,Events!$C15)} -> 2 | L15: =SUM((I15*3)+(J15*2)+(K15*1)) -> 4 | P15: 1 | T15: 1 | V15: 1 | AD15: 1 | AG15: 1
A16: Chile (3) | B16: Chile | C16: =MATCH(Events!B16,'Medal Count'!C:C,0) -> 17 | G16: =IF(SUM((D16*3)+(E16*2)+(F16*1))>0,SUM((D16*3)+(E16*2)+(F16*1)),3) -> 3 | H16: 3 | I16: {=INDEX('Medal Count'!D:D,Events!$C16)} -> 0 | J16: {=INDEX('Medal Count'!E:E,Events!$C16)} -> 0 | K16: {=INDEX('Medal Count'!F:F,Events!$C16)} -> 0 | L16: =(I16*3*2)+(J16*2*2)+(K16*1*2) -> 0
A17: China (51) | B17: China | C17: =MATCH(Events!B17,'Medal Count'!C:C,0) -> 18 | D17: 9 | E17: 4 | F17: 2 | G17: =IF(SUM((D17*3)+(E17*2)+(F17*1))>0,SUM((D17*3)+(E17*2)+(F17*1)),3) -> 37 | H17: 51 | I17: {=INDEX('Medal Count'!D:D,Events!$C17)} -> 0 | J17: {=INDEX('Medal Count'!E:E,Events!$C17)} -> 1 | K17: {=INDEX('Medal Count'!F:F,Events!$C17)} -> 1 | L17: =SUM((I17*3)+(J17*2)+(K17*1)) -> 3 | Z17: 1 | AB17: 1
A18: Colombia (1) | B18: Colombia | C18: =MATCH(Events!B18,'Medal Count'!C:C,0) -> 20 | G18: =IF(SUM((D18*3)+(E18*2)+(F18*1))>0,SUM((D18*3)+(E18*2)+(F18*1)),3) -> 3 | H18: 1 | I18: {=INDEX('Medal Count'!D:D,Events!$C18)} -> 0 | J18: {=INDEX('Medal Count'!E:E,Events!$C18)} -> 0 | K18: {=INDEX('Medal Count'!F:F,Events!$C18)} -> 0 | L18: =(I18*3*2)+(J18*2*2)+(K18*1*2) -> 0
A19: Croatia (7) | B19: Croatia | C19: =MATCH(Events!B19,'Medal Count'!C:C,0) -> 21 | G19: =IF(SUM((D19*3)+(E19*2)+(F19*1))>0,SUM((D19*3)+(E19*2)+(F19*1)),3) -> 3 | H19: 7 | I19: {=INDEX('Medal Count'!D:D,Events!$C19)} -> 0 | J19: {=INDEX('Medal Count'!E:E,Events!$C19)} -> 0 | K19: {=INDEX('Medal Count'!F:F,Events!$C19)} -> 0 | L19: =(I19*3*2)+(J19*2*2)+(K19*1*2) -> 0
A20: Cyprus (2) | B20: Cyprus | C20: =MATCH(Events!B20,'Medal Count'!C:C,0) -> 22 | G20: =IF(SUM((D20*3)+(E20*2)+(F20*1))>0,SUM((D20*3)+(E20*2)+(F20*1)),3) -> 3 | H20: 2 | I20: {=INDEX('Medal Count'!D:D,Events!$C20)} -> 0 | J20: {=INDEX('Medal Count'!E:E,Events!$C20)} -> 0 | K20: {=INDEX('Medal Count'!F:F,Events!$C20)} -> 0 | L20: =(I20*3*2)+(J20*2*2)+(K20*1*2) -> 0
A21: Czech Republic (91) | B21: Czech Republic | C21: =MATCH(Events!B21,'Medal Count'!C:C,0) -> 23 | D21: 1 | E21: 0 | F21: 1 | G21: =IF(SUM((D21*3)+(E21*2)+(F21*1))>0,SUM((D21*3)+(E21*2)+(F21*1)),3) -> 4 | H21: 91 | I21: {=INDEX('Medal Count'!D:D,Events!$C21)} -> 1 | J21: {=INDEX('Medal Count'!E:E,Events!$C21)} -> 1 | K21: {=INDEX('Medal Count'!F:F,Events!$C21)} -> 0 | L21: =SUM((I21*3)+(J21*2)+(K21*1)) -> 5 | O21: 1 | P21: 1 | U21: 1 | Y21: 1 | AB21: 1 | AD21: 1 | AH21: 1
A22: Denmark (38) | B22: Denmark | C22: =MATCH(Events!B22,'Medal Count'!C:C,0) -> 24 | G22: =IF(SUM((D22*3)+(E22*2)+(F22*1))>0,SUM((D22*3)+(E22*2)+(F22*1)),3) -> 3 | H22: 38 | I22: {=INDEX('Medal Count'!D:D,Events!$C22)} -> 0 | J22: {=INDEX('Medal Count'!E:E,Events!$C22)} -> 0 | K22: {=INDEX('Medal Count'!F:F,Events!$C22)} -> 0 | L22: =(I22*3*2)+(J22*2*2)+(K22*1*2) -> 0 | U22: 1
A23: Ecuador (1) | B23: Ecuador | C23: =MATCH(Events!B23,'Medal Count'!C:C,0) -> 25 | G23: =IF(SUM((D23*3)+(E23*2)+(F23*1))>0,SUM((D23*3)+(E23*2)+(F23*1)),3) -> 3 | H23: 1 | I23: {=INDEX('Medal Count'!D:D,Events!$C23)} -> 0 | J23: {=INDEX('Medal Count'!E:E,Events!$C23)} -> 0 | K23: {=INDEX('Medal Count'!F:F,Events!$C23)} -> 0 | L23: =(I23*3*2)+(J23*2*2)+(K23*1*2) -> 0
A24: Eritrea (1) | B24: Eritrea | C24: =MATCH(Events!B24,'Medal Count'!C:C,0) -> 26 | G24: =IF(SUM((D24*3)+(E24*2)+(F24*1))>0,SUM((D24*3)+(E24*2)+(F24*1)),3) -> 3 | H24: 1 | I24: {=INDEX('Medal Count'!D:D,Events!$C24)} -> 0 | J24: {=INDEX('Medal Count'!E:E,Events!$C24)} -> 0 | K24: {=INDEX('Medal Count'!F:F,Events!$C24)} -> 0 | L24: =(I24*3*2)+(J24*2*2)+(K24*1*2) -> 0
A25: Estonia (23) | B25: Estonia | C25: =MATCH(Events!B25,'Medal Count'!C:C,0) -> 27 | D25: 0 | E25: 0 | F25: 1 | G25: =IF(SUM((D25*3)+(E25*2)+(F25*1))>0,SUM((D25*3)+(E25*2)+(F25*1)),3) -> 1 | H25: 23 | I25: {=INDEX('Medal Count'!D:D,Events!$C25)} -> 0 | J25: {=INDEX('Medal Count'!E:E,Events!$C25)} -> 0 | K25: {=INDEX('Medal Count'!F:F,Events!$C25)} -> 0 | L25: =SUM((I25*3)+(J25*2)+(K25*1)) -> 0 | Q25: 1 | R25: 1 | T25: 1 | Y25: 1 | Z25: 1
A26: Finland (78) | B26: Finland | C26: =MATCH(Events!B26,'Medal Count'!C:C,0) -> 28 | D26: 2 | E26: 2 | F26: 4 | G26: =IF(SUM((D26*3)+(E26*2)+(F26*1))>0,SUM((D26*3)+(E26*2)+(F26*1)),3) -> 14 | H26: 78 | I26: {=INDEX('Medal Count'!D:D,Events!$C26)} -> 0 | J26: {=INDEX('Medal Count'!E:E,Events!$C26)} -> 0 | K26: {=INDEX('Medal Count'!F:F,Events!$C26)} -> 1 | L26: =SUM((I26*3)+(J26*2)+(K26*1)) -> 1 | O26: 1 | T26: 1 | X26: 1 | Y26: 1 | AG26: 1
A27: France (99) | B27: France | C27: =MATCH(Events!B27,'Medal Count'!C:C,0) -> 29 | D27: 5 | E27: 7 | F27: 2 | G27: =IF(SUM((D27*3)+(E27*2)+(F27*1))>0,SUM((D27*3)+(E27*2)+(F27*1)),3) -> 31 | H27: 99 | I27: {=INDEX('Medal Count'!D:D,Events!$C27)} -> 1 | J27: {=INDEX('Medal Count'!E:E,Events!$C27)} -> 2 | K27: {=INDEX('Medal Count'!F:F,Events!$C27)} -> 0 | L27: =SUM((I27*3)+(J27*2)+(K27*1)) -> 7 | N27: 1 | X27: 1
A28: Georgia (8) | B28: Georgia | C28: =MATCH(Events!B28,'Medal Count'!C:C,0) -> 30 | G28: =IF(SUM((D28*3)+(E28*2)+(F28*1))>0,SUM((D28*3)+(E28*2)+(F28*1)),3) -> 3 | H28: 8 | I28: {=INDEX('Medal Count'!D:D,Events!$C28)} -> 0 | J28: {=INDEX('Medal Count'!E:E,Events!$C28)} -> 0 | K28: {=INDEX('Medal Count'!F:F,Events!$C28)} -> 0 | L28: =(I28*3*2)+(J28*2*2)+(K28*1*2) -> 0
A29: Germany (103) | B29: Germany | C29: =MATCH(Events!B29,'Medal Count'!C:C,0) -> 31 | D29: 12 | E29: 10 | F29: 5 | G29: =IF(SUM((D29*3)+(E29*2)+(F29*1))>0,SUM((D29*3)+(E29*2)+(F29*1)),3) -> 61 | H29: 103 | I29: {=INDEX('Medal Count'!D:D,Events!$C29)} -> 3 | J29: {=INDEX('Medal Count'!E:E,Events!$C29)} -> 2 | K29: {=INDEX('Medal Count'!F:F,Events!$C29)} -> 1 | L29: =SUM((I29*3)+(J29*2)+(K29*1)) -> 14 | M29: 1 | Z29: 1 | AA29: 1 | AC29: 1
A30: Great Britain (27) | B30: Great Britain | C30: =MATCH(Events!B30,'Medal Count'!C:C,0) -> 32 | D30: 1 | E30: 1 | G30: =IF(SUM((D30*3)+(E30*2)+(F30*1))>0,SUM((D30*3)+(E30*2)+(F30*1)),3) -> 5 | H30: 27 | I30: {=INDEX('Medal Count'!D:D,Events!$C30)} -> 0 | J30: {=INDEX('Medal Count'!E:E,Events!$C30)} -> 0 | K30: {=INDEX('Medal Count'!F:F,Events!$C30)} -> 0 | L30: =SUM((I30*3)+(J30*2)+(K30*1)) -> 0 | AH30: 1
A31: Greece (5) | B31: Greece | C31: =MATCH(Events!B31,'Medal Count'!C:C,0) -> 33 | G31: =IF(SUM((D31*3)+(E31*2)+(F31*1))>0,SUM((D31*3)+(E31*2)+(F31*1)),3) -> 3 | H31: 5 | I31: {=INDEX('Medal Count'!D:D,Events!$C31)} -> 0 | J31: {=INDEX('Medal Count'!E:E,Events!$C31)} -> 0 | K31: {=INDEX('Medal Count'!F:F,Events!$C31)} -> 0 | L31: =(I31*3*2)+(J31*2*2)+(K31*1*2) -> 0
A32: Guinea-Bissau (1) | B32: Guinea-Bissau | C32: =MATCH(Events!B32,'Medal Count'!C:C,0) -> 34 | G32: =IF(SUM((D32*3)+(E32*2)+(F32*1))>0,SUM((D32*3)+(E32*2)+(F32*1)),3) -> 3 | H32: 1 | I32: {=INDEX('Medal Count'!D:D,Events!$C32)} -> 0 | J32: {=INDEX('Medal Count'!E:E,Events!$C32)} -> 0 | K32: {=INDEX('Medal Count'!F:F,Events!$C32)} -> 0 | L32: =(I32*3*2)+(J32*2*2)+(K32*1*2) -> 0
A33: Haiti (2) | B33: Haiti | C33: =MATCH(Events!B33,'Medal Count'!C:C,0) -> 35 | G33: =IF(SUM((D33*3)+(E33*2)+(F33*1))>0,SUM((D33*3)+(E33*2)+(F33*1)),3) -> 3 | H33: 2 | I33: {=INDEX('Medal Count'!D:D,Events!$C33)} -> 0 | J33: {=INDEX('Medal Count'!E:E,Events!$C33)} -> 0 | K33: {=INDEX('Medal Count'!F:F,Events!$C33)} -> 0 | L33: =(I33*3*2)+(J33*2*2)+(K33*1*2) -> 0
A34: Hong Kong (3) | B34: Hong Kong | C34: =MATCH(Events!B34,'Medal Count'!C:C,0) -> 36 | G34: =IF(SUM((D34*3)+(E34*2)+(F34*1))>0,SUM((D34*3)+(E34*2)+(F34*1)),3) -> 3 | H34: 3 | I34: {=INDEX('Medal Count'!D:D,Events!$C34)} -> 0 | J34: {=INDEX('Medal Count'!E:E,Events!$C34)} -> 0 | K34: {=INDEX('Medal Count'!F:F,Events!$C34)} -> 0 | L34: =(I34*3*2)+(J34*2*2)+(K34*1*2) -> 0
A35: Hungary (16) | B35: Hungary | C35: =MATCH(Events!B35,'Medal Count'!C:C,0) -> 37 | D35: 1 | E35: 0 | F35: 2 | G35: =IF(SUM((D35*3)+(E35*2)+(F35*1))>0,SUM((D35*3)+(E35*2)+(F35*1)),3) -> 5 | H35: 16 | I35: {=INDEX('Medal Count'!D:D,Events!$C35)} -> 0 | J35: {=INDEX('Medal Count'!E:E,Events!$C35)} -> 0 | K35: {=INDEX('Medal Count'!F:F,Events!$C35)} -> 0 | L35: =SUM((I35*3)+(J35*2)+(K35*1)) -> 0 | AF35: 1
A36: Iceland (4) | B36: Iceland | C36: =MATCH(Events!B36,'Medal Count'!C:C,0) -> 38 | G36: =IF(SUM((D36*3)+(E36*2)+(F36*1))>0,SUM((D36*3)+(E36*2)+(F36*1)),3) -> 3 | H36: 4 | I36: {=INDEX('Medal Count'!D:D,Events!$C36)} -> 0 | J36: {=INDEX('Medal Count'!E:E,Events!$C36)} -> 0 | K36: {=INDEX('Medal Count'!F:F,Events!$C36)} -> 0 | L36: =(I36*3*2)+(J36*2*2)+(K36*1*2) -> 0
A37: India (2) | B37: India | C37: =MATCH(Events!B37,'Medal Count'!C:C,0) -> 39 | G37: =IF(SUM((D37*3)+(E37*2)+(F37*1))>0,SUM((D37*3)+(E37*2)+(F37*1)),3) -> 3 | H37: 2 | I37: {=INDEX('Medal Count'!D:D,Events!$C37)} -> 0 | J37: {=INDEX('Medal Count'!E:E,Events!$C37)} -> 0 | K37: {=INDEX('Medal Count'!F:F,Events!$C37)} -> 0 | L37: =(I37*3*2)+(J37*2*2)+(K37*1*2) -> 0
A38: Individual Neutral Athletes (15) | B38: Individual Neutral Athletes | C38: =MATCH(Events!B38,'Medal Count'!C:C,0) -> 98 | G38: =IF(SUM((D38*3)+(E38*2)+(F38*1))>0,SUM((D38*3)+(E38*2)+(F38*1)),3) -> 3 | H38: 15 | I38: {=INDEX('Medal Count'!D:D,Events!$C38)} -> 0 | J38: {=INDEX('Medal Count'!E:E,Events!$C38)} -> 0 | K38: {=INDEX('Medal Count'!F:F,Events!$C38)} -> 0 | L38: =(I38*3*2)+(J38*2*2)+(K38*1*2) -> 0 | N38: 1 | Q38: 1
A39: Iran (4) | B39: Iran | C39: =MATCH(Events!B39,'Medal Count'!C:C,0) -> 40 | G39: =IF(SUM((D39*3)+(E39*2)+(F39*1))>0,SUM((D39*3)+(E39*2)+(F39*1)),3) -> 3 | H39: 4 | I39: {=INDEX('Medal Count'!D:D,Events!$C39)} -> 0 | J39: {=INDEX('Medal Count'!E:E,Events!$C39)} -> 0 | K39: {=INDEX('Medal Count'!F:F,Events!$C39)} -> 0 | L39: =(I39*3*2)+(J39*2*2)+(K39*1*2) -> 0
A40: Ireland (4) | B40: Ireland | C40: =MATCH(Events!B40,'Medal Count'!C:C,0) -> 41 | G40: =IF(SUM((D40*3)+(E40*2)+(F40*1))>0,SUM((D40*3)+(E40*2)+(F40*1)),3) -> 3 | H40: 4 | I40: {=INDEX('Medal Count'!D:D,Events!$C40)} -> 0 | J40: {=INDEX('Medal Count'!E:E,Events!$C40)} -> 0 | K40: {=INDEX('Medal Count'!F:F,Events!$C40)} -> 0 | L40: =(I40*3*2)+(J40*2*2)+(K40*1*2) -> 0
A41: Israel (4) | B41: Israel | C41: =MATCH(Events!B41,'Medal Count'!C:C,0) -> 42 | G41: =IF(SUM((D41*3)+(E41*2)+(F41*1))>0,SUM((D41*3)+(E41*2)+(F41*1)),3) -> 3 | H41: 4 | I41: {=INDEX('Medal Count'!D:D,Events!$C41)} -> 0 | J41: {=INDEX('Medal Count'!E:E,Events!$C41)} -> 0 | K41: {=INDEX('Medal Count'!F:F,Events!$C41)} -> 0 | L41: =(I41*3*2)+(J41*2*2)+(K41*1*2) -> 0
A42: Italy (151) (host) | B42: Italy | C42: =MATCH(Events!B42,'Medal Count'!C:C,0) -> 43 | D42: 2 | E42: 7 | F42: 8 | G42: =IF(SUM((D42*3)+(E42*2)+(F42*1))>0,SUM((D42*3)+(E42*2)+(F42*1)),3) -> 28 | H42: 151 | I42: {=INDEX('Medal Count'!D:D,Events!$C42)} -> 2 | J42: {=INDEX('Medal Count'!E:E,Events!$C42)} -> 2 | K42: {=INDEX('Medal Count'!F:F,Events!$C42)} -> 7 | L42: =SUM((I42*3)+(J42*2)+(K42*1)) -> 17 | N42: 1 | U42: 1 | W42: 1 | Y42: 1 | AI42: 1
A43: Jamaica (1) | B43: Jamaica | C43: =MATCH(Events!B43,'Medal Count'!C:C,0) -> 44 | G43: =IF(SUM((D43*3)+(E43*2)+(F43*1))>0,SUM((D43*3)+(E43*2)+(F43*1)),3) -> 3 | H43: 1 | I43: {=INDEX('Medal Count'!D:D,Events!$C43)} -> 0 | J43: {=INDEX('Medal Count'!E:E,Events!$C43)} -> 0 | K43: {=INDEX('Medal Count'!F:F,Events!$C43)} -> 0 | L43: =(I43*3*2)+(J43*2*2)+(K43*1*2) -> 0 | W43: 1
A44: Japan (67) | B44: Japan | C44: =MATCH(Events!B44,'Medal Count'!C:C,0) -> 45 | D44: 3 | E44: 7 | F44: 8 | G44: =IF(SUM((D44*3)+(E44*2)+(F44*1))>0,SUM((D44*3)+(E44*2)+(F44*1)),3) -> 31 | H44: 67 | I44: {=INDEX('Medal Count'!D:D,Events!$C44)} -> 2 | J44: {=INDEX('Medal Count'!E:E,Events!$C44)} -> 2 | K44: {=INDEX('Medal Count'!F:F,Events!$C44)} -> 4 | L44: =SUM((I44*3)+(J44*2)+(K44*1)) -> 14 | AI44: 1
A45: Kazakhstan (24) | B45: Kazakhstan | C45: =MATCH(Events!B45,'Medal Count'!C:C,0) -> 46 | G45: =IF(SUM((D45*3)+(E45*2)+(F45*1))>0,SUM((D45*3)+(E45*2)+(F45*1)),3) -> 3 | H45: 24 | I45: {=INDEX('Medal Count'!D:D,Events!$C45)} -> 0 | J45: {=INDEX('Medal Count'!E:E,Events!$C45)} -> 0 | K45: {=INDEX('Medal Count'!F:F,Events!$C45)} -> 0 | L45: =(I45*3*2)+(J45*2*2)+(K45*1*2) -> 0
A46: Kenya (1) | B46: Kenya | C46: =MATCH(Events!B46,'Medal Count'!C:C,0) -> 47 | G46: =IF(SUM((D46*3)+(E46*2)+(F46*1))>0,SUM((D46*3)+(E46*2)+(F46*1)),3) -> 3 | H46: 1 | I46: {=INDEX('Medal Count'!D:D,Events!$C46)} -> 0 | J46: {=INDEX('Medal Count'!E:E,Events!$C46)} -> 0 | K46: {=INDEX('Medal Count'!F:F,Events!$C46)} -> 0 | L46: =(I46*3*2)+(J46*2*2)+(K46*1*2) -> 0
A47: Kosovo (2) | B47: Kosovo | C47: =MATCH(Events!B47,'Medal Count'!C:C,0) -> 48 | G47: =IF(SUM((D47*3)+(E47*2)+(F47*1))>0,SUM((D47*3)+(E47*2)+(F47*1)),3) -> 3 | H47: 2 | I47: {=INDEX('Medal Count'!D:D,Events!$C47)} -> 0 | J47: {=INDEX('Medal Count'!E:E,Events!$C47)} -> 0 | K47: {=INDEX('Medal Count'!F:F,Events!$C47)} -> 0 | L47: =(I47*3*2)+(J47*2*2)+(K47*1*2) -> 0
A48: Kyrgyzstan (2) | B48: Kyrgyzstan | C48: =MATCH(Events!B48,'Medal Count'!C:C,0) -> 49 | G48: =IF(SUM((D48*3)+(E48*2)+(F48*1))>0,SUM((D48*3)+(E48*2)+(F48*1)),3) -> 3 | H48: 2 | I48: {=INDEX('Medal Count'!D:D,Events!$C48)} -> 0 | J48: {=INDEX('Medal Count'!E:E,Events!$C48)} -> 0 | K48: {=INDEX('Medal Count'!F:F,Events!$C48)} -> 0 | L48: =(I48*3*2)+(J48*2*2)+(K48*1*2) -> 0
A49: Latvia (45) | B49: Latvia | C49: =MATCH(Events!B49,'Medal Count'!C:C,0) -> 50 | D49: 0 | E49: 0 | F49: 1 | G49: =IF(SUM((D49*3)+(E49*2)+(F49*1))>0,SUM((D49*3)+(E49*2)+(F49*1)),3) -> 1 | H49: 45 | I49: {=INDEX('Medal Count'!D:D,Events!$C49)} -> 0 | J49: {=INDEX('Medal Count'!E:E,Events!$C49)} -> 1 | K49: {=INDEX('Medal Count'!F:F,Events!$C49)} -> 0 | L49: =SUM((I49*3)+(J49*2)+(K49*1)) -> 2 | T49: 1 | V49: 1 | Y49: 1 | AE49: 1
A50: Lebanon (3) | B50: Lebanon | C50: =MATCH(Events!B50,'Medal Count'!C:C,0) -> 51 | G50: =IF(SUM((D50*3)+(E50*2)+(F50*1))>0,SUM((D50*3)+(E50*2)+(F50*1)),3) -> 3 | H50: 3 | I50: {=INDEX('Medal Count'!D:D,Events!$C50)} -> 0 | J50: {=INDEX('Medal Count'!E:E,Events!$C50)} -> 0 | K50: {=INDEX('Medal Count'!F:F,Events!$C50)} -> 0 | L50: =(I50*3*2)+(J50*2*2)+(K50*1*2) -> 0
A51: Liechtenstein (4) | B51: Liechtenstein | C51: =MATCH(Events!B51,'Medal Count'!C:C,0) -> 52 | G51: =IF(SUM((D51*3)+(E51*2)+(F51*1))>0,SUM((D51*3)+(E51*2)+(F51*1)),3) -> 3 | H51: 4 | I51: {=INDEX('Medal Count'!D:D,Events!$C51)} -> 0 | J51: {=INDEX('Medal Count'!E:E,Events!$C51)} -> 0 | K51: {=INDEX('Medal Count'!F:F,Events!$C51)} -> 0 | L51: =(I51*3*2)+(J51*2*2)+(K51*1*2) -> 0
A52: Lithuania (17) | B52: Lithuania | C52: =MATCH(Events!B52,'Medal Count'!C:C,0) -> 53 | G52: =IF(SUM((D52*3)+(E52*2)+(F52*1))>0,SUM((D52*3)+(E52*2)+(F52*1)),3) -> 3 | H52: 17 | I52: {=INDEX('Medal Count'!D:D,Events!$C52)} -> 0 | J52: {=INDEX('Medal Count'!E:E,Events!$C52)} -> 0 | K52: {=INDEX('Medal Count'!F:F,Events!$C52)} -> 0 | L52: =(I52*3*2)+(J52*2*2)+(K52*1*2) -> 0 | S52: 1
A53: Luxembourg (2) | B53: Luxembourg | C53: =MATCH(Events!B53,'Medal Count'!C:C,0) -> 54 | G53: =IF(SUM((D53*3)+(E53*2)+(F53*1))>0,SUM((D53*3)+(E53*2)+(F53*1)),3) -> 3 | H53: 2 | I53: {=INDEX('Medal Count'!D:D,Events!$C53)} -> 0 | J53: {=INDEX('Medal Count'!E:E,Events!$C53)} -> 0 | K53: {=INDEX('Medal Count'!F:F,Events!$C53)} -> 0 | L53: =(I53*3*2)+(J53*2*2)+(K53*1*2) -> 0
A54: Madagascar (2) | B54: Madagascar | C54: =MATCH(Events!B54,'Medal Count'!C:C,0) -> 55 | G54: =IF(SUM((D54*3)+(E54*2)+(F54*1))>0,SUM((D54*3)+(E54*2)+(F54*1)),3) -> 3 | H54: 2 | I54: {=INDEX('Medal Count'!D:D,Events!$C54)} -> 0 | J54: {=INDEX('Medal Count'!E:E,Events!$C54)} -> 0 | K54: {=INDEX('Medal Count'!F:F,Events!$C54)} -> 0 | L54: =(I54*3*2)+(J54*2*2)+(K54*1*2) -> 0
A55: Malaysia (1) | B55: Malaysia | C55: =MATCH(Events!B55,'Medal Count'!C:C,0) -> 56 | G55: =IF(SUM((D55*3)+(E55*2)+(F55*1))>0,SUM((D55*3)+(E55*2)+(F55*1)),3) -> 3 | H55: 1 | I55: {=INDEX('Medal Count'!D:D,Events!$C55)} -> 0 | J55: {=INDEX('Medal Count'!E:E,Events!$C55)} -> 0 | K55: {=INDEX('Medal Count'!F:F,Events!$C55)} -> 0 | L55: =(I55*3*2)+(J55*2*2)+(K55*1*2) -> 0
A56: Malta (1) | B56: Malta | C56: =MATCH(Events!B56,'Medal Count'!C:C,0) -> 57 | G56: =IF(SUM((D56*3)+(E56*2)+(F56*1))>0,SUM((D56*3)+(E56*2)+(F56*1)),3) -> 3 | H56: 1 | I56: {=INDEX('Medal Count'!D:D,Events!$C56)} -> 0 | J56: {=INDEX('Medal Count'!E:E,Events!$C56)} -> 0 | K56: {=INDEX('Medal Count'!F:F,Events!$C56)} -> 0 | L56: =(I56*3*2)+(J56*2*2)+(K56*1*2) -> 0
A57: Mexico (5) | B57: Mexico | C57: =MATCH(Events!B57,'Medal Count'!C:C,0) -> 58 | G57: =IF(SUM((D57*3)+(E57*2)+(F57*1))>0,SUM((D57*3)+(E57*2)+(F57*1)),3) -> 3 | H57: 5 | I57: {=INDEX('Medal Count'!D:D,Events!$C57)} -> 0 | J57: {=INDEX('Medal Count'!E:E,Events!$C57)} -> 0 | K57: {=INDEX('Medal Count'!F:F,Events!$C57)} -> 0 | L57: =(I57*3*2)+(J57*2*2)+(K57*1*2) -> 0
A58: Moldova (2) | B58: Moldova | C58: =MATCH(Events!B58,'Medal Count'!C:C,0) -> 59 | G58: =IF(SUM((D58*3)+(E58*2)+(F58*1))>0,SUM((D58*3)+(E58*2)+(F58*1)),3) -> 3 | H58: 2 | I58: {=INDEX('Medal Count'!D:D,Events!$C58)} -> 0 | J58: {=INDEX('Medal Count'!E:E,Events!$C58)} -> 0 | K58: {=INDEX('Medal Count'!F:F,Events!$C58)} -> 0 | L58: =(I58*3*2)+(J58*2*2)+(K58*1*2) -> 0
A59: Monaco (1) | B59: Monaco | C59: =MATCH(Events!B59,'Medal Count'!C:C,0) -> 60 | G59: =IF(SUM((D59*3)+(E59*2)+(F59*1))>0,SUM((D59*3)+(E59*2)+(F59*1)),3) -> 3 | H59: 1 | I59: {=INDEX('Medal Count'!D:D,Events!$C59)} -> 0 | J59: {=INDEX('Medal Count'!E:E,Events!$C59)} -> 0 | K59: {=INDEX('Medal Count'!F:F,Events!$C59)} -> 0 | L59: =(I59*3*2)+(J59*2*2)+(K59*1*2) -> 0
A60: Mongolia (3) | B60: Mongolia | C60: =MATCH(Events!B60,'Medal Count'!C:C,0) -> 61 | G60: =IF(SUM((D60*3)+(E60*2)+(F60*1))>0,SUM((D60*3)+(E60*2)+(F60*1)),3) -> 3 | H60: 3 | I60: {=INDEX('Medal Count'!D:D,Events!$C60)} -> 0 | J60: {=INDEX('Medal Count'!E:E,Events!$C60)} -> 0 | K60: {=INDEX('Medal Count'!F:F,Events!$C60)} -> 0 | L60: =(I60*3*2)+(J60*2*2)+(K60*1*2) -> 0
A61: Montenegro (2) | B61: Montenegro | C61: =MATCH(Events!B61,'Medal Count'!C:C,0) -> 62 | G61: =IF(SUM((D61*3)+(E61*2)+(F61*1))>0,SUM((D61*3)+(E61*2)+(F61*1)),3) -> 3 | H61: 2 | I61: {=INDEX('Medal Count'!D:D,Events!$C61)} -> 0 | J61: {=INDEX('Medal Count'!E:E,Events!$C61)} -> 0 | K61: {=INDEX('Medal Count'!F:F,Events!$C61)} -> 0 | L61: =(I61*3*2)+(J61*2*2)+(K61*1*2) -> 0
A62: Morocco (2) | B62: Morocco | C62: =MATCH(Events!B62,'Medal Count'!C:C,0) -> 63 | G62: =IF(SUM((D62*3)+(E62*2)+(F62*1))>0,SUM((D62*3)+(E62*2)+(F62*1)),3) -> 3 | H62: 2 | I62: {=INDEX('Medal Count'!D:D,Events!$C62)} -> 0 | J62: {=INDEX('Medal Count'!E:E,Events!$C62)} -> 0 | K62: {=INDEX('Medal Count'!F:F,Events!$C62)} -> 0 | L62: =(I62*3*2)+(J62*2*2)+(K62*1*2) -> 0
A63: Netherlands (32) | B63: Netherlands | C63: =MATCH(Events!B63,'Medal Count'!C:C,0) -> 64 | D63: 8 | E63: 5 | F63: 4 | G63: =IF(SUM((D63*3)+(E63*2)+(F63*1))>0,SUM((D63*3)+(E63*2)+(F63*1)),3) -> 38 | H63: 32 | I63: {=INDEX('Medal Count'!D:D,Events!$C63)} -> 1 | J63: {=INDEX('Medal Count'!E:E,Events!$C63)} -> 1 | K63: {=INDEX('Medal Count'!F:F,Events!$C63)} -> 0 | L63: =SUM((I63*3)+(J63*2)+(K63*1)) -> 5 | M63: 1 | N63: 1 | P63: 1 | T63: 1 | W63: 1 | AI63: 1
A64: New Zealand (2) | B64: New Zealand | C64: =MATCH(Events!B64,'Medal Count'!C:C,0) -> 65 | D64: 2 | E64: 1 | F64: 0 | G64: =IF(SUM((D64*3)+(E64*2)+(F64*1))>0,SUM((D64*3)+(E64*2)+(F64*1)),3) -> 8 | H64: 2 | I64: {=INDEX('Medal Count'!D:D,Events!$C64)} -> 0 | J64: {=INDEX('Medal Count'!E:E,Events!$C64)} -> 1 | K64: {=INDEX('Medal Count'!F:F,Events!$C64)} -> 1 | L64: =SUM((I64*3)+(J64*2)+(K64*1)) -> 3 | U64: 1
A65: Nigeria (1) | B65: Nigeria | C65: =MATCH(Events!B65,'Medal Count'!C:C,0) -> 66 | G65: =IF(SUM((D65*3)+(E65*2)+(F65*1))>0,SUM((D65*3)+(E65*2)+(F65*1)),3) -> 3 | H65: 1 | I65: {=INDEX('Medal Count'!D:D,Events!$C65)} -> 0 | J65: {=INDEX('Medal Count'!E:E,Events!$C65)} -> 0 | K65: {=INDEX('Medal Count'!F:F,Events!$C65)} -> 0 | L65: =(I65*3*2)+(J65*2*2)+(K65*1*2) -> 0
A66: North Macedonia (4) | B66: North Macedonia | C66: =MATCH(Events!B66,'Medal Count'!C:C,0) -> 67 | G66: =IF(SUM((D66*3)+(E66*2)+(F66*1))>0,SUM((D66*3)+(E66*2)+(F66*1)),3) -> 3 | H66: 4 | I66: {=INDEX('Medal Count'!D:D,Events!$C66)} -> 0 | J66: {=INDEX('Medal Count'!E:E,Events!$C66)} -> 0 | K66: {=INDEX('Medal Count'!F:F,Events!$C66)} -> 0 | L66: =(I66*3*2)+(J66*2*2)+(K66*1*2) -> 0
A67: Norway (51) | B67: Norway | C67: =MATCH(Events!B67,'Medal Count'!C:C,0) -> 68 | D67: 16 | E67: 8 | F67: 13 | G67: =IF(SUM((D67*3)+(E67*2)+(F67*1))>0,SUM((D67*3)+(E67*2)+(F67*1)),3) -> 77 | H67: 51 | I67: {=INDEX('Medal Count'!D:D,Events!$C67)} -> 7 | J67: {=INDEX('Medal Count'!E:E,Events!$C67)} -> 2 | K67: {=INDEX('Medal Count'!F:F,Events!$C67)} -> 4 | L67: =SUM((I67*3)+(J67*2)+(K67*1)) -> 29 | O67: 1 | Q67: 1 | R67: 1 | S67: 1 | AF67: 1
A68: Pakistan (1) | B68: Pakistan | C68: =MATCH(Events!B68,'Medal Count'!C:C,0) -> 69 | G68: =IF(SUM((D68*3)+(E68*2)+(F68*1))>0,SUM((D68*3)+(E68*2)+(F68*1)),3) -> 3 | H68: 1 | I68: {=INDEX('Medal Count'!D:D,Events!$C68)} -> 0 | J68: {=INDEX('Medal Count'!E:E,Events!$C68)} -> 0 | K68: {=INDEX('Medal Count'!F:F,Events!$C68)} -> 0 | L68: =(I68*3*2)+(J68*2*2)+(K68*1*2) -> 0
A69: Philippines (2) | B69: Philippines | C69: =MATCH(Events!B69,'Medal Count'!C:C,0) -> 70 | G69: =IF(SUM((D69*3)+(E69*2)+(F69*1))>0,SUM((D69*3)+(E69*2)+(F69*1)),3) -> 3 | H69: 2 | I69: {=INDEX('Medal Count'!D:D,Events!$C69)} -> 0 | J69: {=INDEX('Medal Count'!E:E,Events!$C69)} -> 0 | K69: {=INDEX('Medal Count'!F:F,Events!$C69)} -> 0 | L69: =(I69*3*2)+(J69*2*2)+(K69*1*2) -> 0
A70: Poland (36) | B70: Poland | C70: =MATCH(Events!B70,'Medal Count'!C:C,0) -> 71 | D70: 0 | E70: 0 | F70: 1 | G70: =IF(SUM((D70*3)+(E70*2)+(F70*1))>0,SUM((D70*3)+(E70*2)+(F70*1)),3) -> 1 | H70: 36 | I70: {=INDEX('Medal Count'!D:D,Events!$C70)} -> 0 | J70: {=INDEX('Medal Count'!E:E,Events!$C70)} -> 1 | K70: {=INDEX('Medal Count'!F:F,Events!$C70)} -> 0 | L70: =SUM((I70*3)+(J70*2)+(K70*1)) -> 2 | O70: 1 | Q70: 1 | V70: 1 | Z70: 1 | AE70: 1 | AG70: 1
A71: Portugal (4) | B71: Portugal | C71: =MATCH(Events!B71,'Medal Count'!C:C,0) -> 72 | G71: =IF(SUM((D71*3)+(E71*2)+(F71*1))>0,SUM((D71*3)+(E71*2)+(F71*1)),3) -> 3 | H71: 4 | I71: {=INDEX('Medal Count'!D:D,Events!$C71)} -> 0 | J71: {=INDEX('Medal Count'!E:E,Events!$C71)} -> 0 | K71: {=INDEX('Medal Count'!F:F,Events!$C71)} -> 0 | L71: =(I71*3*2)+(J71*2*2)+(K71*1*2) -> 0
A72: Romania (10) | B72: Romania | C72: =MATCH(Events!B72,'Medal Count'!C:C,0) -> 74 | G72: =IF(SUM((D72*3)+(E72*2)+(F72*1))>0,SUM((D72*3)+(E72*2)+(F72*1)),3) -> 3 | H72: 10 | I72: {=INDEX('Medal Count'!D:D,Events!$C72)} -> 0 | J72: {=INDEX('Medal Count'!E:E,Events!$C72)} -> 0 | K72: {=INDEX('Medal Count'!F:F,Events!$C72)} -> 0 | L72: =(I72*3*2)+(J72*2*2)+(K72*1*2) -> 0 | X72: 1
A73: San Marino (1) | B73: San Marino | C73: =MATCH(Events!B73,'Medal Count'!C:C,0) -> 75 | G73: =IF(SUM((D73*3)+(E73*2)+(F73*1))>0,SUM((D73*3)+(E73*2)+(F73*1)),3) -> 3 | H73: 1 | I73: {=INDEX('Medal Count'!D:D,Events!$C73)} -> 0 | J73: {=INDEX('Medal Count'!E:E,Events!$C73)} -> 0 | K73: {=INDEX('Medal Count'!F:F,Events!$C73)} -> 0 | L73: =(I73*3*2)+(J73*2*2)+(K73*1*2) -> 0
A74: Saudi Arabia (2) | B74: Saudi Arabia | C74: =MATCH(Events!B74,'Medal Count'!C:C,0) -> 76 | G74: =IF(SUM((D74*3)+(E74*2)+(F74*1))>0,SUM((D74*3)+(E74*2)+(F74*1)),3) -> 3 | H74: 2 | I74: {=INDEX('Medal Count'!D:D,Events!$C74)} -> 0 | J74: {=INDEX('Medal Count'!E:E,Events!$C74)} -> 0 | K74: {=INDEX('Medal Count'!F:F,Events!$C74)} -> 0 | L74: =(I74*3*2)+(J74*2*2)+(K74*1*2) -> 0
A75: Serbia (4) | B75: Serbia | C75: =MATCH(Events!B75,'Medal Count'!C:C,0) -> 77 | G75: =IF(SUM((D75*3)+(E75*2)+(F75*1))>0,SUM((D75*3)+(E75*2)+(F75*1)),3) -> 3 | H75: 4 | I75: {=INDEX('Medal Count'!D:D,Events!$C75)} -> 0 | J75: {=INDEX('Medal Count'!E:E,Events!$C75)} -> 0 | K75: {=INDEX('Medal Count'!F:F,Events!$C75)} -> 0 | L75: =(I75*3*2)+(J75*2*2)+(K75*1*2) -> 0
A76: Singapore (1) | B76: Singapore | C76: =MATCH(Events!B76,'Medal Count'!C:C,0) -> 78 | G76: =IF(SUM((D76*3)+(E76*2)+(F76*1))>0,SUM((D76*3)+(E76*2)+(F76*1)),3) -> 3 | H76: 1 | I76: {=INDEX('Medal Count'!D:D,Events!$C76)} -> 0 | J76: {=INDEX('Medal Count'!E:E,Events!$C76)} -> 0 | K76: {=INDEX('Medal Count'!F:F,Events!$C76)} -> 0 | L76: =(I76*3*2)+(J76*2*2)+(K76*1*2) -> 0
A77: Slovakia (39) | B77: Slovakia | C77: =MATCH(Events!B77,'Medal Count'!C:C,0) -> 79 | D77: 1 | E77: 0 | F77: 1 | G77: =IF(SUM((D77*3)+(E77*2)+(F77*1))>0,SUM((D77*3)+(E77*2)+(F77*1)),3) -> 4 | H77: 39 | I77: {=INDEX('Medal Count'!D:D,Events!$C77)} -> 0 | J77: {=INDEX('Medal Count'!E:E,Events!$C77)} -> 0 | K77: {=INDEX('Medal Count'!F:F,Events!$C77)} -> 0 | L77: =SUM((I77*3)+(J77*2)+(K77*1)) -> 0 | O77: 1 | T77: 1 | V77: 1 | AG77: 1
A78: Slovenia (18) | B78: Slovenia | C78: =MATCH(Events!B78,'Medal Count'!C:C,0) -> 80 | D78: 2 | E78: 3 | F78: 2 | G78: =IF(SUM((D78*3)+(E78*2)+(F78*1))>0,SUM((D78*3)+(E78*2)+(F78*1)),3) -> 14 | H78: 18 | I78: {=INDEX('Medal Count'!D:D,Events!$C78)} -> 1 | J78: {=INDEX('Medal Count'!E:E,Events!$C78)} -> 1 | K78: {=INDEX('Medal Count'!F:F,Events!$C78)} -> 0 | L78: =SUM((I78*3)+(J78*2)+(K78*1)) -> 5 | P78: 1 | Q78: 1
A79: South Africa (3) | B79: South Africa | C79: =MATCH(Events!B79,'Medal Count'!C:C,0) -> 81 | G79: =IF(SUM((D79*3)+(E79*2)+(F79*1))>0,SUM((D79*3)+(E79*2)+(F79*1)),3) -> 3 | H79: 3 | I79: {=INDEX('Medal Count'!D:D,Events!$C79)} -> 0 | J79: {=INDEX('Medal Count'!E:E,Events!$C79)} -> 0 | K79: {=INDEX('Medal Count'!F:F,Events!$C79)} -> 0 | L79: =(I79*3*2)+(J79*2*2)+(K79*1*2) -> 0
A80: South Korea (37) | B80: South Korea | C80: =MATCH(Events!B80,'Medal Count'!C:C,0) -> 82 | D80: 2 | E80: 5 | F80: 2 | G80: =IF(SUM((D80*3)+(E80*2)+(F80*1))>0,SUM((D80*3)+(E80*2)+(F80*1)),3) -> 18 | H80: 37 | I80: {=INDEX('Medal Count'!D:D,Events!$C80)} -> 0 | J80: {=INDEX('Medal Count'!E:E,Events!$C80)} -> 1 | K80: {=INDEX('Medal Count'!F:F,Events!$C80)} -> 1 | L80: =SUM((I80*3)+(J80*2)+(K80*1)) -> 3 | R80: 1 | S80: 1 | U80: 1 | AB80: 1 | AF80: 1
A81: Spain (16) | B81: Spain | C81: =MATCH(Events!B81,'Medal Count'!C:C,0) -> 83 | D81: 0 | E81: 1 | F81: 0 | G81: =IF(SUM((D81*3)+(E81*2)+(F81*1))>0,SUM((D81*3)+(E81*2)+(F81*1)),3) -> 2 | H81: 16 | I81: {=INDEX('Medal Count'!D:D,Events!$C81)} -> 0 | J81: {=INDEX('Medal Count'!E:E,Events!$C81)} -> 0 | K81: {=INDEX('Medal Count'!F:F,Events!$C81)} -> 0 | L81: =SUM((I81*3)+(J81*2)+(K81*1)) -> 0 | AB81: 1
A82: Sweden (91) | B82: Sweden | C82: =MATCH(Events!B82,'Medal Count'!C:C,0) -> 84 | D82: 8 | E82: 5 | F82: 5 | G82: =IF(SUM((D82*3)+(E82*2)+(F82*1))>0,SUM((D82*3)+(E82*2)+(F82*1)),3) -> 39 | H82: 91 | I82: {=INDEX('Medal Count'!D:D,Events!$C82)} -> 3 | J82: {=INDEX('Medal Count'!E:E,Events!$C82)} -> 2 | K82: {=INDEX('Medal Count'!F:F,Events!$C82)} -> 1 | L82: =SUM((I82*3)+(J82*2)+(K82*1)) -> 14 | AA82: 1 | AC82: 1 | AE82: 1 | AG82: 1 | AH82: 1
A83: Switzerland (95) | B83: Switzerland | C83: =MATCH(Events!B83,'Medal Count'!C:C,0) -> 85 | D83: 7 | E83: 2 | F83: 6 | G83: =IF(SUM((D83*3)+(E83*2)+(F83*1))>0,SUM((D83*3)+(E83*2)+(F83*1)),3) -> 31 | H83: 95 | I83: {=INDEX('Medal Count'!D:D,Events!$C83)} -> 4 | J83: {=INDEX('Medal Count'!E:E,Events!$C83)} -> 1 | K83: {=INDEX('Medal Count'!F:F,Events!$C83)} -> 2 | L83: =SUM((I83*3)+(J83*2)+(K83*1)) -> 16 | W83: 1 | AE83: 1
A84: Chinese Taipei (7) | B84: Chinese Taipei | C84: =MATCH(Events!B84,'Medal Count'!C:C,0) -> 19 | G84: =IF(SUM((D84*3)+(E84*2)+(F84*1))>0,SUM((D84*3)+(E84*2)+(F84*1)),3) -> 3 | H84: 7 | I84: {=INDEX('Medal Count'!D:D,Events!$C84)} -> 0 | J84: {=INDEX('Medal Count'!E:E,Events!$C84)} -> 0 | K84: {=INDEX('Medal Count'!F:F,Events!$C84)} -> 0 | L84: =(I84*3*2)+(J84*2*2)+(K84*1*2) -> 0
A85: Thailand (3) | B85: Thailand | C85: =MATCH(Events!B85,'Medal Count'!C:C,0) -> 86 | G85: =IF(SUM((D85*3)+(E85*2)+(F85*1))>0,SUM((D85*3)+(E85*2)+(F85*1)),3) -> 3 | H85: 3 | I85: {=INDEX('Medal Count'!D:D,Events!$C85)} -> 0 | J85: {=INDEX('Medal Count'!E:E,Events!$C85)} -> 0 | K85: {=INDEX('Medal Count'!F:F,Events!$C85)} -> 0 | L85: =(I85*3*2)+(J85*2*2)+(K85*1*2) -> 0
A86: Trinidad and Tobago (2) | B86: Trinidad and Tobago | C86: =MATCH(Events!B86,'Medal Count'!C:C,0) -> 87 | G86: =IF(SUM((D86*3)+(E86*2)+(F86*1))>0,SUM((D86*3)+(E86*2)+(F86*1)),3) -> 3 | H86: 2 | I86: {=INDEX('Medal Count'!D:D,Events!$C86)} -> 0 | J86: {=INDEX('Medal Count'!E:E,Events!$C86)} -> 0 | K86: {=INDEX('Medal Count'!F:F,Events!$C86)} -> 0 | L86: =(I86*3*2)+(J86*2*2)+(K86*1*2) -> 0
A87: Turkey (6) | B87: Turkey | C87: =MATCH(Events!B87,'Medal Count'!C:C,0) -> 88 | G87: =IF(SUM((D87*3)+(E87*2)+(F87*1))>0,SUM((D87*3)+(E87*2)+(F87*1)),3) -> 3 | H87: 6 | I87: {=INDEX('Medal Count'!D:D,Events!$C87)} -> 0 | J87: {=INDEX('Medal Count'!E:E,Events!$C87)} -> 0 | K87: {=INDEX('Medal Count'!F:F,Events!$C87)} -> 0 | L87: =(I87*3*2)+(J87*2*2)+(K87*1*2) -> 0
A88: Ukraine (20) | B88: Ukraine | C88: =MATCH(Events!B88,'Medal Count'!C:C,0) -> 89 | D88: 0 | E88: 1 | F88: 0 | G88: =IF(SUM((D88*3)+(E88*2)+(F88*1))>0,SUM((D88*3)+(E88*2)+(F88*1)),3) -> 2 | H88: 20 | I88: {=INDEX('Medal Count'!D:D,Events!$C88)} -> 0 | J88: {=INDEX('Medal Count'!E:E,Events!$C88)} -> 0 | K88: {=INDEX('Medal Count'!F:F,Events!$C88)} -> 0 | L88: =SUM((I88*3)+(J88*2)+(K88*1)) -> 0 | P88: 1 | S88: 1 | AD88: 1
A89: United Arab Emirates (2) | B89: United Arab Emirates | C89: =MATCH(Events!B89,'Medal Count'!C:C,0) -> 90 | G89: =IF(SUM((D89*3)+(E89*2)+(F89*1))>0,SUM((D89*3)+(E89*2)+(F89*1)),3) -> 3 | H89: 2 | I89: {=INDEX('Medal Count'!D:D,Events!$C89)} -> 0 | J89: {=INDEX('Medal Count'!E:E,Events!$C89)} -> 0 | K89: {=INDEX('Medal Count'!F:F,Events!$C89)} -> 0 | L89: =(I89*3*2)+(J89*2*2)+(K89*1*2) -> 0
A90: United States (140) | B90: United States | C90: =MATCH(Events!B90,'Medal Count'!C:C,0) -> 91 | D90: 9 | E90: 9 | F90: 7 | G90: =IF(SUM((D90*3)+(E90*2)+(F90*1))>0,SUM((D90*3)+(E90*2)+(F90*1)),3) -> 52 | H90: 140 | I90: {=INDEX('Medal Count'!D:D,Events!$C90)} -> 2 | J90: {=INDEX('Medal Count'!E:E,Events!$C90)} -> 4 | K90: {=INDEX('Medal Count'!F:F,Events!$C90)} -> 2 | L90: =SUM((I90*3)+(J90*2)+(K90*1)) -> 16 | V90: 1 | Y90: 1 | AD90: 1 | AH90: 1
A91: Uruguay (1) | B91: Uruguay | C91: =MATCH(Events!B91,'Medal Count'!C:C,0) -> 92 | G91: =IF(SUM((D91*3)+(E91*2)+(F91*1))>0,SUM((D91*3)+(E91*2)+(F91*1)),3) -> 3 | H91: 1 | I91: {=INDEX('Medal Count'!D:D,Events!$C91)} -> 0 | J91: {=INDEX('Medal Count'!E:E,Events!$C91)} -> 0 | K91: {=INDEX('Medal Count'!F:F,Events!$C91)} -> 0 | L91: =(I91*3*2)+(J91*2*2)+(K91*1*2) -> 0
A92: Uzbekistan (4) | B92: Uzbekistan | C92: =MATCH(Events!B92,'Medal Count'!C:C,0) -> 93 | G92: =IF(SUM((D92*3)+(E92*2)+(F92*1))>0,SUM((D92*3)+(E92*2)+(F92*1)),3) -> 3 | H92: 4 | I92: {=INDEX('Medal Count'!D:D,Events!$C92)} -> 0 | J92: {=INDEX('Medal Count'!E:E,Events!$C92)} -> 0 | K92: {=INDEX('Medal Count'!F:F,Events!$C92)} -> 0 | L92: =(I92*3*2)+(J92*2*2)+(K92*1*2) -> 0
A93: Venezuela (1) | B93: Venezuela | C93: =MATCH(Events!B93,'Medal Count'!C:C,0) -> 94 | G93: =IF(SUM((D93*3)+(E93*2)+(F93*1))>0,SUM((D93*3)+(E93*2)+(F93*1)),3) -> 3 | H93: 1 | I93: {=INDEX('Medal Count'!D:D,Events!$C93)} -> 0 | J93: {=INDEX('Medal Count'!E:E,Events!$C93)} -> 0 | K93: {=INDEX('Medal Count'!F:F,Events!$C93)} -> 0 | L93: =(I93*3*2)+(J93*2*2)+(K93*1*2) -> 0
A94: Total Cost | M94: =SUMIF(M$2:M$93,1,$G$2:$G$93) -> 99 | N94: =SUMIF(N$2:N$93,1,$G$2:$G$93) -> 100 | O94: =SUMIF(O$2:O$93,1,$G$2:$G$93) -> 100 | P94: =SUMIF(P$2:P$93,1,$G$2:$G$93) -> 100 | Q94: =SUMIF(Q$2:Q$93,1,$G$2:$G$93) -> 100 | R94: =SUMIF(R$2:R$93,1,$G$2:$G$93) -> 100 | S94: =SUMIF(S$2:S$93,1,$G$2:$G$93) -> 100 | T94: =SUMIF(T$2:T$93,1,$G$2:$G$93) -> 100 | ... AI94: =SUMIF(AI$2:AI$93,1,$G$2:$G$93) -> 100
A95: Total Points | M95: =SUMIF(M$2:M$93,1,$L$2:$L$93) -> 19 | N95: =SUMIF(N$2:N$93,1,$L$2:$L$93) -> 29 | O95: =SUMIF(O$2:O$93,1,$L$2:$L$93) -> 37 | P95: =SUMIF(P$2:P$93,1,$L$2:$L$93) -> 19 | Q95: =SUMIF(Q$2:Q$93,1,$L$2:$L$93) -> 37 | R95: =SUMIF(R$2:R$93,1,$L$2:$L$93) -> 33 | S95: =SUMIF(S$2:S$93,1,$L$2:$L$93) -> 32 | T95: =SUMIF(T$2:T$93,1,$L$2:$L$93) -> 12 | ... AI95: =SUMIF(AI$2:AI$93,1,$L$2:$L$93) -> 36

Sheet Medal Count
B1: Placement | C1: Country | D1: Gold Medals | E1: Silver Medals | F1: Bronze Medals | G1: Total Medals | H1: Medals/M | I1: Medals GDP
B3: – | C3: Albania | D3: 0 | E3: 0 | F3: 0 | G3: 0 | H3: 0 | I3: 0
B4: – | C4: Andorra | D4: 0 | E4: 0 | F4: 0 | G4: 0 | H4: 0 | I4: 0
B5: – | C5: Argentina | D5: 0 | E5: 0 | F5: 0 | G5: 0 | H5: 0 | I5: 0
B6: – | C6: Armenia | D6: 0 | E6: 0 | F6: 0 | G6: 0 | H6: 0 | I6: 0
B7: – | C7: Australia | D7: 0 | E7: 0 | F7: 0 | G7: 0 | H7: 0 | I7: 0
B8: 6 | C8: Austria | D8: 2 | E8: 4 | F8: 0 | G8: 6 | H8: 0.66 | I8: 0.9
B9: – | C9: Azerbaijan | D9: 0 | E9: 0 | F9: 0 | G9: 0 | H9: 0 | I9: 0
B10: 19 | C10: Belgium | D10: 0 | E10: 0 | F10: 1 | G10: 1 | H10: 0.08 | I10: 0.11
B11: – | C11: Benin | D11: 0 | E11: 0 | F11: 0 | G11: 0 | H11: 0 | I11: 0
B12: – | C12: Bolivia | D12: 0 | E12: 0 | F12: 0 | G12: 0 | H12: 0 | I12: 0
B13: – | C13: Bosnia and Herzegovina | D13: 0 | E13: 0 | F13: 0 | G13: 0 | H13: 0 | I13: 0
B14: – | C14: Brazil | D14: 0 | E14: 0 | F14: 0 | G14: 0 | H14: 0 | I14: 0
B15: 19 | C15: Bulgaria | D15: 0 | E15: 0 | F15: 1 | G15: 1 | H15: 0.16 | I15: 0.4
B16: 13 | C16: Canada | D16: 0 | E16: 1 | F16: 2 | G16: 3 | H16: 0.07 | I16: 0.11
B17: – | C17: Chile | D17: 0 | E17: 0 | F17: 0 | G17: 0 | H17: 0 | I17: 0
B18: 14 | C18: China | D18: 0 | E18: 1 | F18: 1 | G18: 2 | H18: 0 | I18: 0.01
B19: – | C19: Chinese Taipei | D19: 0 | E19: 0 | F19: 0 | G19: 0 | H19: 0 | I19: 0
B20: – | C20: Colombia | D20: 0 | E20: 0 | F20: 0 | G20: 0 | H20: 0 | I20: 0
B21: – | C21: Croatia | D21: 0 | E21: 0 | F21: 0 | G21: 0 | H21: 0 | I21: 0
B22: – | C22: Cyprus | D22: 0 | E22: 0 | F22: 0 | G22: 0 | H22: 0 | I22: 0
B23: 10 | C23: Czech Republic | D23: 1 | E23: 1 | F23: 0 | G23: 2 | H23: 0.18 | I23: 0.32
B24: – | C24: Denmark | D24: 0 | E24: 0 | F24: 0 | G24: 0 | H24: 0 | I24: 0
B25: – | C25: Ecuador | D25: 0 | E25: 0 | F25: 0 | G25: 0 | H25: 0 | I25: 0
B26: – | C26: Eritrea | D26: 0 | E26: 0 | F26: 0 | G26: 0 | H26: 0 | I26: 0
B27: – | C27: Estonia | D27: 0 | E27: 0 | F27: 0 | G27: 0 | H27: 0 | I27: 0
B28: 19 | C28: Finland | D28: 0 | E28: 0 | F28: 1 | G28: 1 | H28: 0.18 | I28: 0.28
B29: 9 | C29: France | D29: 1 | E29: 2 | F29: 0 | G29: 3 | H29: 0.04 | I29: 0.07
B30: – | C30: Georgia | D30: 0 | E30: 0 | F30: 0 | G30: 0 | H30: 0 | I30: 0
B31: 3 | C31: Germany | D31: 3 | E31: 2 | F31: 1 | G31: 6 | H31: 0.07 | I31: 0.1
B32: – | C32: Great Britain | D32: 0 | E32: 0 | F32: 0 | G32: 0 | H32: 0 | I32: 0
B33: – | C33: Greece | D33: 0 | E33: 0 | F33: 0 | G33: 0 | H33: 0 | I33: 0
B34: – | C34: Guinea-Bissau | D34: 0 | E34: 0 | F34: 0 | G34: 0 | H34: 0 | I34: 0
B35: – | C35: Haiti | D35: 0 | E35: 0 | F35: 0 | G35: 0 | H35: 0 | I35: 0
B36: – | C36: Hong Kong | D36: 0 | E36: 0 | F36: 0 | G36: 0 | H36: 0 | I36: 0
B37: – | C37: Hungary | D37: 0 | E37: 0 | F37: 0 | G37: 0 | H37: 0 | I37: 0
B38: – | C38: Iceland | D38: 0 | E38: 0 | F38: 0 | G38: 0 | H38: 0 | I38: 0
B39: – | C39: India | D39: 0 | E39: 0 | F39: 0 | G39: 0 | H39: 0 | I39: 0
B40: – | C40: Iran | D40: 0 | E40: 0 | F40: 0 | G40: 0 | H40: 0 | I40: 0
B41: – | C41: Ireland | D41: 0 | E41: 0 | F41: 0 | G41: 0 | H41: 0 | I41: 0
B42: – | C42: Israel | D42: 0 | E42: 0 | F42: 0 | G42: 0 | H42: 0 | I42: 0
B43: 7 | C43: Italy | D43: 2 | E43: 2 | F43: 7 | G43: 11 | H43: 0.19 | I43: 0.3
B44: – | C44: Jamaica | D44: 0 | E44: 0 | F44: 0 | G44: 0 | H44: 0 | I44: 0
B45: 8 | C45: Japan | D45: 2 | E45: 2 | F45: 4 | G45: 8 | H45: 0.06 | I45: 0.12
B46: – | C46: Kazakhstan | D46: 0 | E46: 0 | F46: 0 | G46: 0 | H46: 0 | I46: 0
B47: – | C47: Kenya | D47: 0 | E47: 0 | F47: 0 | G47: 0 | H47: 0 | I47: 0
B48: – | C48: Kosovo | D48: 0 | E48: 0 | F48: 0 | G48: 0 | H48: 0 | I48: 0
B49: – | C49: Kyrgyzstan | D49: 0 | E49: 0 | F49: 0 | G49: 0 | H49: 0 | I49: 0
B50: 17 | C50: Latvia | D50: 0 | E50: 1 | F50: 0 | G50: 1 | H50: 0.53 | I50: 1.26
B51: – | C51: Lebanon | D51: 0 | E51: 0 | F51: 0 | G51: 0 | H51: 0 | I51: 0
B52: – | C52: Liechtenstein | D52: 0 | E52: 0 | F52: 0 | G52: 0 | H52: 0 | I52: 0
B53: – | C53: Lithuania | D53: 0 | E53: 0 | F53: 0 | G53: 0 | H53: 0 | I53: 0
B54: – | C54: Luxembourg | D54: 0 | E54: 0 | F54: 0 | G54: 0 | H54: 0 | I54: 0
B55: – | C55: Madagascar | D55: 0 | E55: 0 | F55: 0 | G55: 0 | H55: 0 | I55: 0
B56: – | C56: Malaysia | D56: 0 | E56: 0 | F56: 0 | G56: 0 | H56: 0 | I56: 0
B57: – | C57: Malta | D57: 0 | E57: 0 | F57: 0 | G57: 0 | H57: 0 | I57: 0
B58: – | C58: Mexico | D58: 0 | E58: 0 | F58: 0 | G58: 0 | H58: 0 | I58: 0
B59: – | C59: Moldova | D59: 0 | E59: 0 | F59: 0 | G59: 0 | H59: 0 | I59: 0
B60: – | C60: Monaco | D60: 0 | E60: 0 | F60: 0 | G60: 0 | H60: 0 | I60: 0
B61: – | C61: Mongolia | D61: 0 | E61: 0 | F61: 0 | G61: 0 | H61: 0 | I61: 0
B62: – | C62: Montenegro | D62: 0 | E62: 0 | F62: 0 | G62: 0 | H62: 0 | I62: 0
B63: – | C63: Morocco | D63: 0 | E63: 0 | F63: 0 | G63: 0 | H63: 0 | I63: 0
B64: 10 | C64: Netherlands | D64: 1 | E64: 1 | F64: 0 | G64: 2 | H64: 0.11 | I64: 0.14
B65: 14 | C65: New Zealand | D65: 0 | E65: 1 | F65: 1 | G65: 2 | H65: 0.38 | I65: 0.7
B66: – | C66: Nigeria | D66: 0 | E66: 0 | F66: 0 | G66: 0 | H66: 0 | I66: 0
B67: – | C67: North Macedonia | D67: 0 | E67: 0 | F67: 0 | G67: 0 | H67: 0 | I67: 0
B68: 1 | C68: Norway | D68: 7 | E68: 2 | F68: 4 | G68: 13 | H68: 2.33 | I68: 2.24
B69: – | C69: Pakistan | D69: 0 | E69: 0 | F69: 0 | G69: 0 | H69: 0 | I69: 0
B70: – | C70: Philippines | D70: 0 | E70: 0 | F70: 0 | G70: 0 | H70: 0 | I70: 0
B71: 17 | C71: Poland | D71: 0 | E71: 1 | F71: 0 | G71: 1 | H71: 0.03 | I71: 0.05
B72: – | C72: Portugal | D72: 0 | E72: 0 | F72: 0 | G72: 0 | H72: 0 | I72: 0
B73: – | C73: Puerto Rico | D73: 0 | E73: 0 | F73: 0 | G73: 0 | H73: 0 | I73: 0
B74: – | C74: Romania | D74: 0 | E74: 0 | F74: 0 | G74: 0 | H74: 0 | I74: 0
B75: – | C75: San Marino | D75: 0 | E75: 0 | F75: 0 | G75: 0 | H75: 0 | I75: 0
B76: – | C76: Saudi Arabia | D76: 0 | E76: 0 | F76: 0 | G76: 0 | H76: 0 | I76: 0
B77: – | C77: Serbia | D77: 0 | E77: 0 | F77: 0 | G77: 0 | H77: 0 | I77: 0
B78: – | C78: Singapore | D78: 0 | E78: 0 | F78: 0 | G78: 0 | H78: 0 | I78: 0
B79: – | C79: Slovakia | D79: 0 | E79: 0 | F79: 0 | G79: 0 | H79: 0 | I79: 0
B80: 10 | C80: Slovenia | D80: 1 | E80: 1 | F80: 0 | G80: 2 | H80: 0.94 | I80: 1.68
B81: – | C81: South Africa | D81: 0 | E81: 0 | F81: 0 | G81: 0 | H81: 0 | I81: 0
B82: 14 | C82: South Korea | D82: 0 | E82: 1 | F82: 1 | G82: 2 | H82: 0.04 | I82: 0.06
B83: – | C83: Spain | D83: 0 | E83: 0 | F83: 0 | G83: 0 | H83: 0 | I83: 0
B84: 3 | C84: Sweden | D84: 3 | E84: 2 | F84: 1 | G84: 6 | H84: 0.57 | I84: 0.79
B85: 2 | C85: Switzerland | D85: 4 | E85: 1 | F85: 2 | G85: 7 | H85: 0.78 | I85: 0.82
B86: – | C86: Thailand | D86: 0 | E86: 0 | F86: 0 | G86: 0 | H86: 0 | I86: 0
B87: – | C87: Trinidad and Tobago | D87: 0 | E87: 0 | F87: 0 | G87: 0 | H87: 0 | I87: 0
B88: – | C88: Turkey | D88: 0 | E88: 0 | F88: 0 | G88: 0 | H88: 0 | I88: 0
B89: – | C89: Ukraine | D89: 0 | E89: 0 | F89: 0 | G89: 0 | H89: 0 | I89: 0
B90: – | C90: United Arab Emirates | D90: 0 | E90: 0 | F90: 0 | G90: 0 | H90: 0 | I90: 0
B91: 5 | C91: United States | D91: 2 | E91: 4 | F91: 2 | G91: 8 | H91: 0.02 | I91: 0.03
B92: – | C92: Uruguay | D92: 0 | E92: 0 | F92: 0 | G92: 0 | H92: 0 | I92: 0
B93: – | C93: Uzbekistan | D93: 0 | E93: 0 | F93: 0 | G93: 0 | H93: 0 | I93: 0
B94: – | C94: Venezuela | D94: 0 | E94: 0 | F94: 0 | G94: 0 | H94: 0 | I94: 0
C98: Individual Neutral Athletes | D98: 0 | E98: 0 | F98: 0 | G98: 0 | H98: 0 | I98: 0

Sheet participants
A1: Participants
A2: Mansell 1 | B2: paid
A3: Mansell 2 | B3: paid
A4: Cory | B4: paid
A5: amanda | B5: paid
A6: josh | B6: paid
A7: Fader | B7: paid
A8: Bill
A9: kurt heidl | B9: paid
A10: Ryley | B10: paid
A11: Colby | B11: paid
A12: Richard | B12: paid
A13: Neigem | B13: paid
A14: Rhett
A15: wagner | B15: paid
A16: Jonah | B16: paid
A17: huebner | B17: paid
A18: Pam | B18: paid
A19: Pam | B19: paid
A20: evan | B20: paid
A21: evan | B21: paid
A22: Tiffany | B22: paid
A23: Grace | B23: paid
A24: ian | B24: paid
